"Frequency","Monetary.mean","Recency"
7,615.714285714286,2
4,449.31,75
1,1757.55,18
1,334.4,310
11,140.491818181818,36
1,89,204
1,1079.4,232
1,459.4,214
3,937.143333333333,22
1,6207.67,33
2,584.03,1
6,1040.92166666667,7
3,887.353333333333,52
1,189.9,287
13,396.506153846154,3
2,276,109
4,328.275,7
3,106.896666666667,291
1,168.9,4
4,886.4225,51
2,943.98,44
3,432.68,71
1,364.6,311
1,742.93,25
3,151.806666666667,2
2,814.06,315
1,4008.62,129
3,283.43,81
5,544.112,21
6,300.66,4
6,306.551666666667,184
3,188.72,28
2,200.95,337
6,463.443333333333,15
1,549.84,79
1,460.89,21
4,395.65,72
2,636.24,63
15,199.885333333333,15
2,1204.95,35
1,1635.66,45
4,277.1625,119
1,84.3,303
1,225.6,323
2,204.85,49
1,1710.39,148
3,1093.58333333333,22
5,341.624,49
9,315.841111111111,32
7,1579.56142857143,78
3,227.026666666667,301
3,408.96,74
5,138.83,66
3,187.47,217
12,298.233333333333,3
1,668.58,112
1,600.39,63
5,161.254,15
3,267.853333333333,95
9,205.456666666667,0
2,880.48,162
1,777.2,78
1,582.73,194
5,141.674,11
12,656.433333333333,25
4,937.6,9
1,256.4,43
18,356.466111111111,35
5,1011.864,42
7,1910.83857142857,0
4,191.2975,84
2,3914.945,79
1,509.01,99
19,257.718947368421,1
2,1453.425,14
1,173.55,366
1,172.06,3
5,1001.092,21
1,133.4,22
1,1002.31,57
1,476.49,243
1,449.45,44
4,1016.8225,22
2,98.94,156
6,1488.92,10
3,142.856666666667,16
1,707.09,134
6,411.143333333333,73
4,788.4725,44
12,159.815,58
2,473.7,71
2,413.44,94
4,281.0025,2
7,186.232857142857,46
8,151.50625,10
3,244.63,7
3,241.346666666667,143
13,479.190769230769,30
9,316.47,29
30,237.215666666667,17
1,723.38,53
20,327.329,1
9,1457.44555555556,22
1,680.99,3
3,159.1,3
4,820.4075,28
11,508.26,22
13,179.01,17
8,561.90875,32
3,432.886666666667,9
1,334.93,336
10,541.793,5
1,460.4,38
2,131.605,63
3,138.93,165
13,87.6423076923077,9
1,1043.1,81
3,134.566666666667,21
13,323.559230769231,23
2,1044.84,315
5,744.774,95
4,28.5,18
1,73.5,232
4,314.515,134
2,199.135,26
1,176.5,284
2,491.285,142
2,69.015,66
2,293.395,84
1,1017.68,267
1,383.7,353
2,656.03,77
6,410.815,28
5,411.378,0
1,340.84,63
6,430.418333333333,79
1,599.68,142
2,96.36,39
13,134.274615384615,1
8,560.715,9
3,438.886666666667,0
3,116.236666666667,81
8,240.285,9
5,324.726,59
1,125.22,14
1,349.83,30
1,1089.18,130
2,358.175,91
5,821.364,7
1,363.95,29
5,770.5,22
19,700.475789473684,19
3,327.06,29
2,177.85,29
2,500.195,75
3,380.5,46
2,103.9,197
1,95.2,166
1,964.83,79
1,168,357
2,218.91,38
14,260.875,8
2,301.855,50
5,2398.192,16
3,178.736666666667,310
4,525.3475,5
1,238.85,302
7,540.248571428571,8
1,456.9,261
2,65.585,281
2,173.35,72
11,828.630909090909,22
35,116.142571428571,2
2,259.805,39
3,334.906666666667,8
1,160.54,227
1,218.45,315
6,217.83,35
4,148.85,35
4,688.34,21
3,136.906666666667,73
1,415.7,246
1,197.71,39
2,255.68,238
18,399.296666666667,2
18,105.219444444444,3
4,495.7025,234
2,89.97,17
1,144,7
1,214.9,39
2,323.34,28
3,3287.12666666667,190
1,452.85,317
2,218.8,92
3,139.366666666667,108
11,301.838181818182,37
2,309.135,51
5,736.626,19
9,333.631111111111,9
7,147.511428571429,29
11,234.64,28
6,94.9266666666667,189
1,153.12,58
1,739.2,21
2,127.09,79
3,375.616666666667,78
7,293.998571428571,22
1,1193.32,52
2,321.795,57
6,536.496666666667,31
1,315.6,277
4,572.7975,2
5,131.45,85
1,355.53,29
1,177.31,21
13,247.293076923077,16
3,446.47,14
23,591.829130434783,1
1,180.1,232
1,305.1,276
2,320.565,106
3,871.44,211
13,491.411538461538,23
7,639.79,10
4,192.4025,4
2,635.44,9
1,640.5,57
5,428.126,58
2,844.59,89
10,595.325,67
1,671.69,33
1,486.1,238
3,391.526666666667,23
1,185.9,115
3,337.753333333333,25
6,557.44,128
1,477.91,129
5,351.076,33
2,673.485,4
13,282.301538461538,22
1,318.05,154
4,150.9275,107
1,314.44,3
1,114,334
2,457.265,322
2,1104.925,148
5,120.396,10
8,497.84,17
5,230.412,11
1,686.05,18
1,91.68,29
1,245.1,11
12,318.09,0
10,486.388,8
2,30.875,324
1,620.13,58
6,623.863333333333,7
4,401.9325,150
6,497.691666666667,10
1,225.9,329
2,305.26,5
7,274.187142857143,11
6,221.898333333333,24
13,1352.94307692308,42
9,117.63,52
4,215.7025,0
27,506.577407407407,14
31,396.394193548387,3
20,411.0545,4
7,326.232857142857,7
6,477.18,28
1,89.14,371
1,4873.81,113
2,623.805,25
1,389.01,205
6,172.633333333333,28
6,138.493333333333,120
2,434.835,70
4,145.525,7
5,187.804,21
6,811.331666666667,7
2,398.855,79
1,219,19
2,137.35,64
10,222.084,7
14,486.731428571429,15
1,603.42,291
16,163.52,29
26,357.465384615385,3
4,282.6425,96
17,249.507647058824,22
1,848.55,0
5,941.772,9
1,353.86,106
2,526.745,3
3,326.993333333333,151
1,238.25,71
3,202.7,5
29,197.009655172414,2
7,375.568571428571,31
6,150.721666666667,85
5,145.014,3
4,257.8525,5
1,427.8,371
7,372.728571428571,28
9,438.633333333333,10
4,209.0825,71
1,453.01,113
1,236.26,179
1,383.95,234
1,110.4,352
2,389.785,315
1,234,332
1,155.35,372
2,506.52,78
1,427.6,63
2,273.215,134
10,912.039,51
11,381.455454545455,2
8,483.525,3
1,275.88,128
1,4366.78,81
5,589.824,235
4,550.8,249
1,112.08,86
19,222.51052631579,15
2,1395.795,116
3,510.48,52
2,949.26,7
2,247.04,138
1,1693.88,316
7,998.518571428571,3
1,1143.6,238
1,1351.45,210
1,892.47,59
6,225.206666666667,17
7,114.89,19
12,322.391666666667,21
5,141.544,21
6,378.886666666667,4
8,200.48375,2
2,287.21,9
2,152.855,2
3,154.553333333333,9
1,91.85,65
1,324.92,192
1,192.6,373
1,400.54,256
2,272.74,334
2,430.205,53
1,430.48,18
3,64.7266666666667,360
3,2325.68,10
2,206.29,183
3,161.216666666667,36
2,242.18,168
3,171.616666666667,260
1,229.64,44
1,125.92,101
2,531.73,147
2,286.1,95
1,166.04,281
2,758.94,178
4,235.585,3
1,92.72,214
3,306.326666666667,70
5,351.9,74
1,397.12,59
8,183.515,2
3,143.383333333333,5
6,169.785,2
3,84.35,322
7,964.057142857143,37
1,215.05,262
2,191.515,32
1,417.38,145
1,312.38,282
4,653.215,59
1,134.1,173
2,341.565,33
16,348.97625,2
6,452.378333333333,143
26,149.092307692308,4
2,559.495,70
9,186.751111111111,65
2,162.98,29
4,88.5225,267
1,871.54,22
2,525.445,31
1,135.18,96
2,149.875,290
9,209.077777777778,107
5,257.83,78
1,38.1,372
8,270.335,7
2,553.2,210
2,252.1,52
1,147.12,138
3,516.023333333333,26
1,559.12,283
10,398.622,26
6,267.843333333333,185
2,190.32,84
2,299.985,326
1,374,282
2,171.615,143
2,1109.01,57
12,127.980833333333,3
3,280.546666666667,18
4,138.1425,44
1,298,275
2,731.52,9
4,175.8675,24
1,309.05,88
4,289.5675,63
3,450.363333333333,67
4,78.4425,214
1,380.47,24
3,110.333333333333,185
1,188.14,30
3,115.766666666667,42
2,108.25,204
36,452.586111111111,8
1,138.68,264
2,254.79,18
5,583.962,11
4,61.5,58
8,266.10375,39
8,384.38,23
5,332.46,2
5,496.726,4
2,181.825,148
5,596.47,138
1,594,128
8,162.68,8
1,164.23,17
50,327.7948,3
1,405.38,161
1,176.97,64
5,185.99,88
2,347.025,4
5,412.54,35
2,52.55,122
4,102.475,78
4,151.57,24
8,269.55625,2
5,202.58,17
4,376.0675,15
1,114.14,25
8,1447.725,64
4,219.0725,46
3,227.966666666667,131
2,302.255,35
1,462.95,288
11,127.935454545455,143
8,256.7125,16
10,414.302,30
3,614.333333333333,2
8,130.25875,8
5,276.568,5
1,329.85,9
14,338.161428571429,1
1,108.07,306
12,331.586666666667,4
2,133.195,7
9,204.558888888889,8
1,771.91,89
1,160.18,9
4,298.6875,3
1,135.95,112
4,113.06,7
89,122.81191011236,3
1,144.8,197
1,738.6,211
1,39.24,156
12,591.005,155
2,186.11,29
2,188.6,239
1,97.5,18
3,405.206666666667,0
3,181.666666666667,73
1,535.32,292
19,360.763684210526,3
3,136.5,31
2,251.88,23
4,103.69,23
5,180.444,4
2,100.36,77
7,171.134285714286,22
3,151.96,196
3,178.283333333333,106
15,653.194666666667,4
1,120.95,318
3,49.6833333333333,105
22,255.155909090909,11
3,156.316666666667,173
1,81.57,56
2,89.235,323
1,50.55,372
11,119.238181818182,9
15,319.132666666667,1
16,210.339375,2
5,669.256,53
3,263.296666666667,73
1,204,7
29,250.784482758621,16
12,215.366666666667,4
2,344.95,64
8,117.01875,1
6,1152,113
3,219.893333333333,22
3,415.833333333333,30
2,399.74,11
3,332.173333333333,38
1,190.55,357
2,321.385,54
3,295.543333333333,57
3,293.69,138
3,302.82,80
2,338.495,8
2,235.785,253
1,560.47,291
1,305.28,99
2,314.655,30
18,171.061111111111,31
5,361.182,14
2,328.34,64
28,203.021785714286,9
1,348.15,212
4,300.49,64
3,90.4666666666667,24
1,183.4,249
1,307.53,253
1,248.61,72
1,346.98,191
4,279.8725,12
1,205.86,373
3,143.633333333333,24
1,115.46,82
2,172,10
27,137.697037037037,0
1,228.8,192
1,177.15,266
1,919.61,129
4,182.3175,1
43,289.122790697674,1
5,44.02,4
1,58.08,179
10,359.548,126
2,151.875,4
3,90.7933333333334,157
18,482.743888888889,8
2,159.91,21
6,76.6383333333333,70
13,595.497692307692,267
16,106.80375,21
1,74.4,70
14,420.951428571429,32
1,207.36,99
1,101.19,234
27,234.677407407407,1
1,243.94,39
6,183.08,3
2,29.75,128
5,304.814,44
1,350.06,372
5,153.368,2
8,181.60875,31
40,262.75,0
14,157.545,8
2,242.595,117
8,123.11375,21
7,160.714285714286,19
1,30.6,238
2,127.365,269
2,461.195,94
3,1288.77666666667,89
10,205.629,4
1,259.17,77
1,64,94
4,259.825,23
1,77.3,261
2,54.9,273
7,248.661428571429,72
1,3096,196
11,231.398181818182,50
9,400.564444444444,10
6,160.398333333333,22
8,631.97375,16
3,141.24,108
6,397.633333333333,84
1,307.09,19
1,110.95,332
5,122.954,39
1,228.91,26
4,178.2,10
17,196.969411764706,29
4,419.015,14
2,625.185,203
1,486.22,5
4,242.94,33
5,344.314,49
4,300.265,94
5,275.95,8
1,91.8,22
1,112.75,313
5,328.998,122
2,510.74,46
2,207.35,282
4,197.8325,18
5,262.028,36
2,356.44,63
1,116.01,26
5,85.362,8
2,176.825,4
3,939.01,16
1,492.84,46
1,282.45,64
11,520.497272727273,26
1,121.18,45
9,439.753333333333,7
12,137.399166666667,14
1,71.4,267
5,307.938,39
1,236.02,337
1,114.6,11
2,130.34,18
2,455.97,95
1,117.88,61
1,60.7,135
4,449.445,11
8,423.01125,10
39,251.38358974359,3
4,217.5225,19
4,217.365,9
2,125.13,15
7,172.271428571429,58
11,529.105454545455,30
1,353.48,93
3,399.14,10
4,195.145,9
6,253.071666666667,56
1,333.74,267
5,26.724,122
1,62.64,127
4,204.8225,78
2,423.705,240
2,81.6,200
3,716.95,60
8,760.38,3
1,108.21,273
1,257.7,201
1,358,81
1,160.95,225
15,184.227333333333,4
7,193.942857142857,12
2,302.56,74
2,50.585,211
3,242.423333333333,24
5,136.166,11
1,329.56,261
4,165.9125,96
3,90.1333333333333,112
1,600.07,203
1,121.74,92
1,430.5,50
7,274.585714285714,18
4,125.28,17
2,232.84,124
3,237.136666666667,92
2,515.2,156
3,130.22,3
3,232.86,11
1,292.32,61
1,557.62,61
2,472.05,268
1,200.29,263
35,212.973428571429,1
5,421.532,53
19,195.666842105263,11
27,163.127407407407,2
15,211.176,17
17,312.701176470588,1
1,590,366
2,89.13,37
2,138.28,31
1,138.98,113
2,295.465,63
4,64.6,15
1,542.73,40
2,63.15,64
3,271.62,122
6,174.64,18
2,46.83,59
2,98.075,322
4,677.28,23
1,361.11,155
2,289.47,38
2,436.87,189
2,98.975,359
1,87.4,137
4,522.4625,7
1,360,1
1,142.5,268
2,182.645,164
4,154.5225,103
1,63.75,155
1,300.42,351
10,200.086,4
1,15,120
4,341.9025,22
5,291.358,7
6,180.605,8
2,299.285,4
5,311.064,22
4,144.665,1
5,1163.098,37
9,237.785555555556,64
3,213.586666666667,1
36,296.231666666667,5
6,248.616666666667,70
2,283.68,72
1,199.48,17
5,157.57,3
12,589.4,32
1,675.3,81
9,401.952222222222,38
1,1308.48,316
4,185.1,31
3,380.31,92
1,350.9,14
3,1178.94,82
1,795.12,77
3,143.94,154
1,860.12,200
7,1533.78285714286,45
1,775.85,260
2,151.965,172
3,847.906666666667,67
2,188.8,276
1,341.36,70
1,233.76,64
1,247.32,10
3,303.573333333333,16
1,373.94,66
2,194.64,7
1,743.53,71
1,674.7,122
1,768.24,80
1,609.95,257
1,439.03,268
2,215.63,59
5,617.098,3
2,496.25,17
3,730.406666666667,8
1,56.16,50
2,311.7,256
2,131.875,354
2,360.66,366
1,378.64,89
3,1104.08333333333,60
2,386.45,81
3,339.92,99
3,190.853333333333,26
7,518.115714285714,21
1,222.99,280
9,458.031111111111,30
1,534.57,329
3,209.05,121
3,265.986666666667,11
1,544.08,74
1,59.8,203
10,231.28,1
1,307.72,185
4,331.3225,21
6,256.53,72
1,457.34,192
2,310.615,127
1,75,17
2,126.245,1
3,190.817,74
7,141.272857142857,8
1,213.55,107
3,463.5,133
2,356.25,43
2,320.415,4
23,254.149565217391,11
1,221.06,63
4,35.0875,134
3,616.326666666667,40
2,1300.775,51
3,541.403333333333,108
12,295.891666666667,0
3,194.2,19
1,218.47,10
4,251.7,10
4,162.1725,18
2,634.55,67
2,267.12,74
9,421.61,5
1,196.89,1
7,486.865714285714,14
1,283.71,255
1,296.64,91
4,276.0575,23
10,346.567,16
1,291.88,23
6,340.62,26
6,486.075,26
2,295,259
2,178.49,165
4,251.8375,24
7,248.26,17
22,433.541818181818,7
2,91.72,29
3,481.666666666667,38
2,71.625,183
1,674.68,58
2,148.975,100
2,541.855,10
41,137.969512195122,1
2,82.5,99
4,632.895,1
3,139.18,60
1,229.59,236
4,357.945,191
4,273.1925,178
8,180.19125,37
3,97,198
8,222.10125,45
1,184.64,232
1,140.34,65
1,313.8,241
1,454.24,233
3,374.136666666667,78
3,191.8,57
17,524.153529411765,17
4,112.38,105
10,121.582,51
3,423.28,136
2,309.315,275
1,316.26,311
6,331.686666666667,7
3,205.976666666667,10
3,107.016666666667,282
7,163.851428571429,17
4,284.1925,23
2,655.235,242
3,97.3333333333333,16
1,216.85,71
1,295.93,64
8,535.36,67
3,150.94,312
4,619.79,3
1,110.97,243
7,139.96,8
5,357.032,1
1,251.21,260
1,205.1,126
1,152.2,73
4,222.78,72
3,463.136666666667,21
5,421.814,59
1,659.44,85
2,55.4,50
8,435.96875,58
3,364.55,1
1,125.8,30
6,625.896666666667,33
5,136.036,40
2,314.39,14
8,282.97,33
2,153.88,78
2,241.9,205
1,210.31,33
3,90.2633333333333,182
43,130.536744186047,2
7,492.612857142857,1
7,182.978571428571,43
4,151.46,85
2,145.705,39
3,208.996666666667,12
2,341.205,96
8,114.515,25
1,91.8,319
16,221.220625,66
4,1037.32,73
2,292.03,28
4,151.265,5
1,174.37,7
1,141.86,215
3,599.776666666667,81
2,388.765,84
5,129.548,144
2,120.11,19
2,437.355,40
1,192.85,173
2,186.875,17
1,239.49,243
12,174.36,12
1,1384.25,205
2,147.2,50
5,146.414,23
20,335.165,10
5,331.66,25
2,233.52,14
1,118,309
1,781.03,155
1,142.4,306
3,115.666666666667,31
13,188.086153846154,15
2,189.825,14
7,282.302857142857,11
3,372.376666666667,64
4,61.99,35
6,331.713333333333,108
1,396.97,52
2,348.52,5
2,83.71,47
33,152.442424242424,1
1,219.52,312
2,346.66,45
1,428.89,64
1,164.34,26
3,93.5133333333333,29
1,678.01,40
9,123.936666666667,12
4,289.55,89
4,402.615,24
2,199.995,312
3,181.393333333333,40
1,177.34,173
1,213.85,116
7,96.0628571428571,30
1,257.23,252
7,232.002857142857,59
11,708.396363636364,23
11,181.425454545455,5
12,251.814166666667,99
6,352.836666666667,24
5,315.032,33
1,1071.03,67
6,156.936666666667,36
3,270.166666666667,52
1,122.64,15
1,1033.34,74
1,354.8,215
3,173.146666666667,31
5,519.504,8
1,252.1,120
5,334.044,9
2,173.3,256
7,258.477142857143,16
2,47.1,35
3,365.026666666667,45
6,451.221666666667,43
2,466.485,114
2,189.825,164
2,191.07,10
7,345.924285714286,9
3,516.95,197
7,125.582857142857,85
1,189.47,179
3,28.2166666666667,60
1,305.02,149
29,214.34724137931,2
2,109.275,50
1,349.7,75
2,198.46,18
2,243.41,151
1,232.6,151
5,440.462,1
4,206.9575,17
1,59.5,187
2,32.115,285
7,445.634285714286,2
1,72,182
1,910,63
1,172.25,59
5,293.374,24
15,166.942,31
1,151.3,38
1,308.58,155
10,226.512,26
1,99.5,318
10,229.531,5
3,237.286666666667,7
1,330.79,302
2,403.205,267
1,296.88,271
17,367.594705882353,3
1,180.48,31
2,126.03,218
1,228.84,246
8,131.7425,281
1,138.28,269
7,204.608571428571,32
2,153.275,246
5,208.336,15
4,199.975,116
1,524.14,36
4,592.29,120
1,199.85,217
11,164.528181818182,49
2,539.83,38
2,166.74,28
6,169.356666666667,36
2,376.3,135
2,305.295,219
1,491.86,28
8,345.7725,24
3,241.333333333333,5
1,339.6,200
1,216.9,18
1,350.75,240
4,166.5825,71
14,221.601428571429,16
8,167.51875,2
2,578.18,95
2,145.77,151
1,79.6,373
5,189.65,95
5,329.452,53
1,296.25,288
6,197.713333333333,124
1,741.26,287
2,141.3,151
10,215.468,3
15,343.008,2
7,455.792857142857,11
2,329.705,33
2,143.395,54
2,535.325,50
3,563.153333333333,63
3,507.253333333333,70
52,325.879038461538,2
16,173.241875,2
5,526.34,64
3,377.376666666667,33
1,345,81
1,178.7,103
2,180.005,7
1,127.84,250
6,152,12
11,223.89,9
1,230.4,367
2,154.52,75
1,348.8,4
3,349.226666666667,43
2,97.775,66
2,344.43,116
1,558.32,309
1,324.8,66
6,651.045,138
1,277.07,255
7,376.541428571429,30
2,462.3,52
1,256.38,63
1,112.6,367
5,349.532,5
1,155.05,305
4,224.8775,28
4,147.9375,183
3,179.666666666667,42
5,270.682,39
3,520.706666666667,56
5,802.982,22
4,138.76,23
2,191.49,29
3,380.116666666667,301
2,192.82,144
2,316,5
2,478.83,18
5,339.788,32
2,87.325,158
3,137.35,57
1,209.49,22
6,367.165,16
2,20.475,17
1,384.8,159
4,208.6425,25
2,135.62,211
4,172.9325,5
1,85,252
9,376.18,58
1,361.62,11
1,312.98,64
4,211.9025,24
3,418.333333333333,92
2,768.975,51
2,793.405,88
3,883.82,95
2,528.47,8
29,276.724827586207,8
5,72.68,168
1,216.17,57
1,201.16,326
6,206.666666666667,1
10,218.731,18
2,149.78,245
4,125.39,58
1,145.67,74
3,338.43,31
2,1596.27,7
4,776.2375,123
10,275.125,2
14,456.414285714286,22
4,95.425,119
1,540.45,358
5,357.358,53
1,122.7,63
1,117.24,86
1,1281.53,54
13,247.674615384615,21
22,772.250909090909,3
6,188.546666666667,2
9,282.083333333333,1
6,130.216666666667,7
2,253.4,189
1,243.56,71
1,349.55,204
2,302.815,119
1,416.9,92
14,132.918571428571,1
4,158.2425,26
1,821.1,297
5,107.194,22
5,517.624,21
1,311.16,50
1,155.93,325
2,194.26,16
3,246.983333333333,183
5,573.44,72
2,166.32,37
5,469.41,79
9,286.767777777778,57
3,204.65,3
2,136.02,49
2,606.42,49
3,116.72,53
1,172.25,351
1,351.13,53
11,152.916363636364,1
6,102.775,36
1,223.85,23
1,348.99,74
4,116.1425,10
3,267.616666666667,169
2,168.67,57
3,410.31,85
1,307.4,294
2,304.395,109
1,922.1,263
2,180.64,171
1,158.85,169
1,71.66,35
4,139.1875,23
4,209.785,17
7,701.772857142857,21
3,187.19,79
1,90.6,65
1,102,360
6,404.553333333333,2
5,145.712,11
3,224.816666666667,176
3,1082.03033333333,211
7,502.24,7
3,126.196666666667,1
2,161.48,154
5,205.284,5
3,199.4,79
2,115.11,21
2,84.775,21
4,166.135,308
1,80.7,145
20,449.3345,7
11,245.656363636364,8
2,95.125,70
1,264.7,287
1,413.59,49
7,357.604285714286,31
1,357.98,206
2,98.395,14
1,869.87,73
1,200.14,60
5,372.222,39
13,199.266153846154,29
6,81.3383333333333,26
16,439.033125,4
1,320.46,17
9,455.422222222222,19
2,633.04,65
1,311.3,213
7,121.518571428571,12
1,76.8,30
12,284.138333333333,32
6,385.523333333333,3
6,230.581666666667,15
15,257.684,10
2,316.855,206
4,507.5825,45
2,264.865,134
7,654.662857142857,43
5,574.944,9
3,320.73,115
3,228.643333333333,198
1,328.8,277
3,157.673333333333,110
1,505.18,77
1,917.34,52
5,865.692,154
4,349.74,46
2,321.4,16
3,210.633333333333,155
1,440,225
2,292.035,7
2,163.85,121
1,104.82,60
2,233.83,63
8,295.01125,18
23,636.288695652174,7
18,162.768888888889,2
4,128.005,22
5,285.604,28
1,626.65,284
2,73.6,176
4,388.62,78
1,152.2,33
15,236.146,40
1,141.41,266
4,163.205,26
4,414.9375,109
1,154.99,284
7,184.287142857143,8
2,187.565,277
6,939.858333333333,16
2,373.18,31
26,595.282307692308,0
1,225.36,19
2,130.125,124
1,92.46,65
1,725.64,106
29,280.151724137931,1
18,341.522222222222,23
1,183.6,266
20,306.769,4
12,872.070833333333,9
7,169.76,29
1,152.55,266
2,187.35,63
1,265.85,320
9,145.267777777778,3
2,69.77,21
3,314.086666666667,4
1,122.47,129
5,99.884,40
6,174.895,101
1,375.1,124
1,45.6,32
4,226.1675,267
1,182.25,364
9,113.158888888889,4
19,233.462631578947,2
2,90.835,2
1,161,56
1,76.32,324
17,239.005882352941,7
1,442.85,12
1,147.35,36
12,257.7475,16
1,194.9,137
6,996.131666666667,73
8,164.34125,5
2,108.105,154
2,630.165,85
8,336.06,51
3,198.053333333333,30
2,40.1,23
13,436.126923076923,3
5,137.72,14
12,231.180833333333,22
8,172.24,3
2,193.265,273
5,276.548,19
1,90,143
6,456.716666666667,3
1,419.58,84
3,913.476666666667,10
4,160.9075,7
3,236.57,122
2,318.75,60
5,224.772,1
1,483.86,319
12,298.344166666667,2
5,118.068,129
15,312.687333333333,1
2,491.19,1
1,415.82,46
3,306.683333333333,3
6,146.505,2
1,311.81,373
1,115.8,133
5,629.64,46
6,491.595,8
3,156.133333333333,49
1,157.2,233
3,86.4766666666667,212
2,329.32,35
3,203.696666666667,75
2,672.81,239
1,118.75,266
3,133.476666666667,19
1,507.66,40
14,334.164285714286,19
3,370.173333333333,215
2,144.68,173
4,611.4775,87
2,815.885,70
1,122.54,275
4,143.71,39
1,363.79,98
4,112.71,10
1,134.46,33
7,444.008571428571,51
5,114.8,297
5,110.892,84
7,231.561428571429,8
2,359.89,40
31,149.702258064516,10
1,452.89,66
1,197.65,331
10,201.891,8
24,191.84625,2
14,332.857857142857,1
2,426.695,67
32,350.5234375,4
3,320.9,201
1,335.52,106
7,94.7857142857143,4
1,185.4,218
9,76.4488888888889,60
1,161.03,2
4,54.695,10
2,154.13,239
1,151.74,94
7,295.304285714286,10
7,271.555714285714,91
13,169.869230769231,53
1,1070.48,89
7,142.89,30
7,253.988571428571,11
4,459.825,3
24,80.2233333333333,1
1,169.48,42
1,89.94,4
2,316.2,247
10,342.785,42
1,683.17,177
4,243.8075,92
4,262.53,110
7,314.52,28
15,221.047333333333,26
5,290.12,51
5,164.412,179
8,255.49125,31
5,289.502,43
4,193.865,22
6,515.643333333333,10
2,245.43,80
1,161,373
1,146.85,326
13,178.730769230769,43
2,445.17,30
1,213.7,183
2,140.275,234
14,181.134285714286,8
5,335.496,176
3,491.353333333333,110
1,136.77,278
1,302.58,318
3,634.683333333333,7
5,575.94,1
3,311.686666666667,254
6,514.545,51
10,1265.008,9
1,120,141
2,581.725,50
8,327.27875,8
3,106.49,154
2,265.09,109
7,182.727142857143,150
1,492.65,331
1,112.32,225
2,218.98,73
4,139.9925,51
5,203.878,88
4,989.25,15
1,134.04,196
15,248.622666666667,3
3,192.816666666667,30
4,477.5025,21
5,919.162,23
4,37.8075,8
2,206.925,212
6,151.876666666667,8
6,384.575,11
12,322.775,1
14,344.237857142857,7
4,261.64,3
2,77.35,40
6,214.01,17
18,158.630555555556,8
1,43.2,18
2,316.02,107
2,98.55,222
5,360.752,71
3,694.473333333333,51
6,499.286666666667,88
10,231.968,8
2,114.855,225
6,268.598333333333,46
1,120,106
7,350.997142857143,21
1,508.58,64
3,114.37,206
5,306.15,10
4,143.565,114
2,83.425,234
1,311.65,163
14,352.052857142857,8
2,231.33,124
3,288.77,22
2,175.725,64
9,282.162222222222,16
2,234.13,16
4,403.7275,16
4,138.555,158
4,72.4775,234
1,134.7,218
9,240.708888888889,45
6,101.285,21
8,111.24125,127
1,108.98,38
2,510.79,120
1,409.57,260
1,133.5,10
2,129.35,270
1,51,164
4,269.74,157
1,90.6,215
2,81.81,5
1,174.4,365
4,166.735,60
1,225.77,43
6,147.096666666667,19
4,532.0575,31
1,161.2,22
8,464.66875,108
19,482.516842105263,8
1,155,319
1,100.5,295
1,76.55,358
1,257.68,185
2,308.525,191
2,174.05,44
1,202.68,52
1,626.07,26
3,415.896666666667,38
3,67.37,9
1,142.4,296
3,590.186666666667,32
10,317.204,8
5,199.944,8
13,353.266923076923,10
1,67.95,218
12,289.325833333333,2
2,243.995,65
23,111.16,0
2,279.85,141
14,288.57,4
5,285.262,130
7,204.96,33
1,156.75,119
9,234.564444444444,107
7,372.361428571429,10
7,272.607142857143,71
15,38.42,15
1,1063,310
3,253.776666666667,35
1,122.7,362
8,185.64125,91
18,322.864444444444,1
2,245.11,22
3,645.75,3
6,176.343333333333,10
2,192.935,85
2,406.555,57
6,710.606666666667,0
1,265.2,218
1,322.08,17
16,244.93125,18
2,181.67,50
7,175.734285714286,7
2,198.88,298
6,375.918333333333,9
6,228.8,21
1,89.06,98
1,131.9,306
1,2661.24,319
5,471.536,8
10,154.514,0
5,308.924,1
7,200.125714285714,53
4,259.895,0
5,232.646,18
2,187.675,9
4,226.775,18
3,161.083333333333,180
2,331.295,60
2,132.22,10
1,119.93,190
14,217.687857142857,5
1,113.64,310
1,1837.92,155
4,95.835,110
3,701.02,148
15,131.06,63
3,176.54,98
3,352.873333333333,246
7,324.628571428571,29
4,149.69,17
2,230.595,11
8,242.105,103
2,117.17,74
2,268.855,43
6,133.303333333333,71
1,215.7,257
5,261.562,19
2,158.125,253
1,279.05,11
2,318.255,164
6,344.691666666667,18
2,64.6,149
1,321.92,50
1,165.75,38
7,169.082857142857,26
2,523.715,51
1,463.38,207
2,170.465,175
7,337.548571428571,7
1,139.56,25
2,61.9,50
2,269.405,311
2,228.735,301
5,391.464,42
3,271.773333333333,26
3,118.95,88
3,63.4366666666667,64
14,167.93,19
6,590.543333333333,3
4,168.315,47
11,528.972727272727,17
5,402.434,17
7,195.454285714286,23
2,138.21,22
6,211.235,11
2,137.64,187
4,109.6225,100
3,351.783333333333,61
6,350.348333333333,17
2,165.225,33
1,174.37,64
2,135.3,1
4,243.635,24
1,241.09,108
9,207.52,31
13,324.720769230769,8
86,89.6672093023256,2
1,364.22,37
3,206.68,60
6,487.651666666667,25
4,233.2125,236
9,201.402222222222,24
25,163.014,2
4,710.2725,59
1,171.8,259
1,355.56,57
2,194.125,64
2,268.74,15
3,332.086666666667,9
8,182.70625,58
1,103.25,185
21,138.865238095238,3
2,1012.225,24
9,276.335555555556,4
9,442.971111111111,3
2,326.4,150
1,289.24,311
2,382.81,10
2,93.115,18
1,165.07,151
5,171.854,19
4,595.26,10
2,162.07,57
24,90.5908333333333,7
3,360.253333333333,75
22,214.055454545455,3
6,512.295,95
1,1432,110
3,508.153333333333,35
1,227.39,1
2,109.03,280
10,280.369,3
13,123.363076923077,179
1,35.4,372
4,214.9275,12
1,168.63,3
1,138.6,16
1,114.11,40
5,210.51,5
5,205.852,169
1,157.05,50
3,44.72,227
10,159.824,18
1,39.75,371
4,361.785,15
3,190.153333333333,35
3,205.996666666667,21
2,189.915,7
6,290.1,19
2,441.575,11
1,221.97,44
1,393.33,305
1,213.96,10
1,660,274
128,91.514453125,1
17,667.123529411765,15
4,446.2875,4
4,150.39,72
3,135.36,242
4,134.6475,9
2,189.755,239
3,131.093333333333,204
6,294.293333333333,1
1,320.58,184
6,144.891666666667,32
2,112.925,57
5,169.696,185
7,393.867142857143,8
2,335.98,91
3,313.07,4
3,335.66,50
1,114.56,262
1,344.9,266
2,304.925,36
1,443.6,50
8,369.0425,52
8,255.26875,15
1,110.46,21
1,96.12,58
3,222.87,170
4,195.115,9
2,298.545,156
1,243.22,201
4,354.3225,4
2,327.3,67
1,114.18,77
7,278.221428571429,1
5,386.03,3
2,145.525,169
5,167.654,17
2,123.575,5
12,204.710833333333,8
2,142.87,86
1,107.95,26
4,192.7925,28
2,318.945,19
7,179.768571428571,60
1,195.25,24
27,341.896296296296,10
3,423.33,241
2,205.765,280
2,382.775,234
5,347.28,3
1,604.75,16
8,317.905,31
3,166.316666666667,71
2,26,187
5,247.256,25
1,628.38,106
27,189.162222222222,7
1,112.8,208
3,119.536666666667,44
5,422.866,30
5,116.41,137
1,172.9,264
9,230.107777777778,4
2,94.305,218
5,250.152,1
1,109.13,214
3,745.1,32
12,207.185,10
18,180.591111111111,1
1,318.17,14
9,171.878888888889,11
1,179,198
4,274.1675,2
14,350.795714285714,15
4,151.5325,14
12,236.516666666667,10
3,305.69,29
12,222.021666666667,9
1,160.19,24
4,216.845,24
2,164.84,43
6,265.363333333333,1
3,221.27,5
1,187.92,147
6,193.05,10
1,718.08,24
1,268.58,274
1,313.49,373
8,250.6325,1
3,126.673333333333,47
10,268.634,8
15,630.102666666667,9
34,170.814411764706,3
3,388.183333333333,3
9,143.326666666667,39
8,487.3875,2
4,355.8025,191
6,233.39,11
9,120.947777777778,16
6,194.526666666667,112
2,147.15,247
6,218.631666666667,29
1,389.64,43
1,563.15,87
2,319.025,44
12,413.781666666667,9
1,738.96,15
1,420.5,75
4,371.015,144
3,541.99,4
2,26.9,294
2,127.95,58
1,300.52,263
2,125.275,43
3,84.7033333333333,29
8,302.88375,8
3,46.5,17
10,1064.16,2
2,438.21,232
1,139.26,112
3,337.3,58
13,168.890769230769,51
2,365.43,127
3,128.716666666667,280
2,223.84,54
1,200.1,319
2,144.995,26
2,38.7,10
2,339.72,7
1,197.64,28
4,186.265,16
2,107.07,4
9,141.345555555556,2
1,131.45,166
27,290.352222222222,1
3,57.9133333333333,52
1,157.7,51
16,264.77125,47
1,193.14,61
3,281.85,162
1,353.27,8
4,138.6625,15
1,193.39,75
15,145.024666666667,39
11,189.807272727273,40
2,77.715,369
2,389.25,36
1,271.85,197
2,555.17,200
3,219.266666666667,73
2,136.035,64
4,126.8225,21
1,48.8,366
3,107.143333333333,180
4,281.9275,10
12,185.575833333333,3
3,713.253333333333,196
6,107.441666666667,29
1,197.13,53
8,212.29375,17
3,34.15,10
5,328.24,89
1,62.85,267
6,549.293333333333,53
8,307.1,35
4,797.4525,63
1,309.4,148
28,282.295714285714,21
2,139.075,311
2,255.675,23
6,472.781666666667,58
3,154.35,8
8,343.73625,78
2,322.825,119
3,437.126666666667,36
3,388.55,59
5,270.408,12
2,84.31,8
1,125.79,52
2,420.6,25
1,266.76,29
2,26.1,7
13,1092.11153846154,10
4,175.3325,185
9,326.626666666667,3
3,240.65,3
1,327.25,261
4,130.595,3
1,519.68,210
5,289.744,9
9,165.06,12
3,235.396666666667,77
1,255.4,19
2,294.85,26
7,108.091428571429,18
1,765.32,131
1,364.8,252
1,1862,79
1,369.2,207
1,135.9,336
1,125.65,253
2,277.19,148
2,618.925,9
1,655.75,85
24,459.1775,7
2,234.385,204
4,341.595,7
8,153.54,23
10,141.499,11
2,157.055,21
10,274.448,21
2,512.72,2
3,199.966666666667,154
10,347.885,3
1,277.8,74
7,55.6942857142857,2
3,280.506666666667,16
4,306.8575,35
3,86.2766666666667,85
5,252.968,70
2,805.075,115
2,488.885,212
2,658.035,30
1,749.1,50
1,310.05,245
1,223.88,32
3,790.953333333333,108
6,160.78,4
1,363.53,365
3,629.613333333333,72
1,1784.71,297
9,901.935555555556,9
4,404.4075,56
14,417.353571428571,29
1,100.9,14
2,145.41,72
7,152.367142857143,23
2,180.625,8
1,311.69,79
15,527.519333333333,46
1,289.82,25
1,336.17,12
1,58.49,253
3,166.56,147
5,136.994,59
2,110.635,8
12,583.881666666667,10
1,126.7,270
5,297.56,9
1,206.21,247
2,299.5,96
1,191.32,14
1,463.8,49
1,147.59,30
4,398.015,68
3,372.19,35
1,114.77,128
3,438.15,107
1,114.39,37
1,279.94,57
8,95.7325,57
5,386.284,72
1,102.12,246
2,106.635,19
2,148.375,198
2,163.2,15
1,334.54,211
2,116.615,38
4,135.245,46
2,214.935,170
1,490.52,47
4,410.44,115
1,1246.32,147
35,176.585428571429,15
1,502.09,51
1,156.91,159
3,420.593333333333,12
1,308.94,35
2,211.52,53
2,130.085,43
1,170.04,172
1,125.58,33
4,114.065,38
1,266,266
13,144.021538461538,8
4,226.26,11
12,563.596666666667,3
10,166.133,9
1,377.01,33
3,156.333333333333,80
6,175.325,30
4,156.7825,8
2,259.14,71
4,167.035,4
5,892.82,256
11,233.729090909091,4
11,388.878181818182,15
1,252.73,89
3,155.183333333333,72
7,95.0842857142857,43
1,180.35,170
1,135.93,199
1,537,31
22,346.79,19
3,211.22,151
16,316.500625,9
1,343.62,269
5,76.114,65
1,121.17,273
5,345.434,25
3,463.87,23
1,215.78,319
3,232.596666666667,4
2,151.05,12
2,744.75,275
11,193.180909090909,25
11,120.529090909091,40
4,75.7725,8
4,246.965,71
1,370.8,213
6,522.663333333333,37
2,380.295,31
3,581.586666666667,78
2,276.68,46
1,1109.53,179
1,106.2,372
2,491.035,93
4,153.1075,9
1,748.87,105
1,773.03,77
1,880.85,172
38,253.246052631579,7
5,178.732,212
6,81.225,22
1,88.2,256
1,306.94,281
3,380.09,21
6,403.473333333333,10
1,381.32,308
2,238.48,53
2,228.905,215
9,490.015555555556,18
5,272.94,103
1,219.39,42
1,248.08,4
5,129.9,182
1,410.48,84
6,105.85,330
3,103.343333333333,8
2,351.68,31
3,334.18,166
7,328.418571428571,18
7,201.104285714286,17
8,30.9575,311
5,258.35,141
2,231.875,240
7,138.607142857143,23
3,522.493333333333,29
4,859.8525,9
10,276.056,30
1,340.11,18
4,338.1875,17
6,258.355,14
1,244.8,134
1,266.4,245
2,171.91,129
2,228.86,50
6,268.688333333333,85
2,1099.655,7
2,92.095,22
23,483.35,25
1,406.53,65
8,177.4425,60
11,313.4,50
1,330.11,169
5,195.586,18
3,327.473333333333,127
8,173.49875,14
2,63.575,233
5,256.49,2
2,89.48,239
8,293.75,52
1,498.74,46
1,259.45,225
18,362.78,8
4,298.6825,4
3,437.886666666667,164
2,304.325,218
1,301.29,10
1,520.8,133
11,482.179090909091,17
16,292.765,9
1,329.25,31
2,120.135,74
3,320.496666666667,1
5,373.9,3
1,401.4,45
1,158.16,357
2,152.235,18
3,281.016666666667,68
1,487.75,373
1,163,320
1,106.56,25
2,517.25,324
5,324.81,8
1,135.75,322
1,224.14,71
1,40.5,260
7,312.314285714286,18
1,87.5,367
5,136.056,66
2,311.425,154
2,203.38,29
1,310.62,70
2,205.705,14
18,259.448888888889,1
53,298.15358490566,1
3,348.106666666667,119
1,499.32,60
22,341.871363636364,3
1,3861,2
5,131.288,8
2,96.82,92
4,317.175,59
11,84.3490909090909,78
6,304.633333333333,25
1,316.58,357
3,216.276666666667,85
4,105.075,10
6,144.603333333333,1
1,331.18,225
2,447.205,60
2,44.475,239
3,108.35,318
8,207.68,1
6,102.665,44
1,96.6,87
11,523.353636363636,10
1,305.75,176
7,251.274285714286,51
2,57.05,366
1,585,318
3,151.633333333333,225
3,103.493333333333,358
1,409.4,234
1,154.41,310
5,243.88,36
5,675.392,66
2,214.8,239
2,306.03,113
1,197,276
12,187.2925,217
1,321.05,298
4,353.08,1
5,211.308,29
3,254.78,10
7,240.795714285714,44
9,193.176666666667,66
1,316.68,74
2,315.785,65
3,838.613333333333,134
2,257.075,238
1,356,122
15,443.824,31
15,688.474,9
2,370.39,36
6,152.55,16
1,300.36,127
1,890.85,66
1,98.45,148
2,116.075,281
2,311.58,168
8,222.59625,100
1,254.82,135
1,178.95,323
1,156.51,106
1,393.74,64
2,753.06,151
1,119.3,338
5,343.472,22
1,408.8,23
9,255.355555555556,15
16,155.36375,7
2,360.97,57
2,358.285,4
2,304.595,31
1,135.31,66
1,255.9,46
2,138.705,354
1,113.12,172
12,186.6625,58
1,240.55,49
3,161.746666666667,22
5,461.304,43
4,233.775,29
21,371.608095238095,4
20,229.8255,25
1,180.94,201
10,361.031,44
4,158.76,10
14,269.578571428571,2
11,344.280909090909,67
1,496.44,64
14,359.151428571429,50
1,574.02,290
10,68.03,60
3,391.45,64
1,205.3,95
2,151.135,270
5,184.22,75
1,52,110
1,327.97,199
3,183.846666666667,64
1,165,326
1,312.62,3
1,204.5,283
1,267.13,44
4,662.6825,49
2,301.485,64
1,162.29,103
1,311.71,333
1,208.75,52
5,201.1,35
2,357.48,32
4,415.265,366
1,1028.56,208
3,117.223333333333,156
1,173.97,53
3,185.856666666667,66
1,2020.52,80
2,195.88,116
1,364.5,87
5,95.316,0
2,183.845,35
1,252.42,332
1,201.6,366
1,158.04,72
2,236.905,158
1,115.65,373
10,186.214,12
2,388.51,254
2,138.525,29
10,276.65,31
29,283.958620689655,4
1,427.93,39
1,418.92,361
2,159.025,241
2,456.595,95
9,147.827777777778,25
2,301.255,75
5,373.538,57
1,446.94,21
8,295.06875,40
1,2007.4,137
13,170.239230769231,8
1,168,128
3,411.12,40
8,453.98625,169
6,280.393333333333,8
2,298.425,213
8,740.9825,14
3,211.92,169
1,316.88,40
1,394.14,186
1,140.54,270
1,500,172
5,303.146,4
2,115.93,16
4,545.885,9
1,107.45,325
1,288.18,112
1,94,289
3,446.543333333333,16
3,271.923333333333,1
6,111.116666666667,92
2,313.385,148
1,349.1,189
4,106.6525,18
4,264.11,33
1,267.18,264
8,431.355,84
5,269.276,26
1,190.53,171
3,258.3,9
1,572.81,313
5,794.874,64
1,508.8,85
1,135.86,24
4,237.59,58
2,48.85,323
1,43.5,38
2,191.67,254
7,204.271428571429,19
3,494.38,33
1,93.78,15
3,121.633333333333,26
1,171.19,23
3,139.29,79
6,166.246666666667,8
1,149.29,22
3,374.176666666667,12
1,200.16,262
1,156.58,131
3,127.893333333333,54
1,594,248
8,401.52,1
2,709.13,9
1,113.5,264
1,155.17,330
1,494.64,312
5,194.244,26
1,429.84,30
3,179.576666666667,29
7,198.338571428571,1
1,179.1,362
3,149.073333333333,283
1,237.07,262
1,161.64,25
1,216.76,354
3,78.2,94
1,126.14,29
1,1048.85,338
24,289.375833333333,19
1,334.53,85
4,127.97,9
5,87.692,35
4,126.125,43
1,469.48,2
1,371.56,113
10,146.52,14
1,454.11,77
2,720.71,40
1,905.5,116
16,410.545,15
4,58.4525,161
5,712.622,1
3,858.333333333333,30
1,91.32,92
4,272.5075,22
7,441.55,95
2,329.73,28
7,281.035714285714,32
2,649.615,21
3,419.9,17
35,354.184571428571,0
4,282.89,8
23,240.933043478261,15
1,147.09,362
1,52.83,81
7,499.591428571429,52
3,326.42,22
1,492.36,171
6,166.711666666667,189
1,250,330
5,181.846,11
2,60.5,155
22,660.003636363636,31
13,227.937692307692,12
3,20.81,44
1,267.03,233
13,147.068461538462,64
1,343.5,1
13,198.05,36
2,199.42,32
1,412.01,84
1,440,24
4,202.755,2
2,74.22,33
10,234.882,18
1,229.33,254
12,330.648333333333,22
4,375.5875,21
2,1003.72,8
6,252.846666666667,25
5,149.384,19
7,65.7,173
1,110.92,163
1,538.46,7
1,213.3,11
1,85.13,114
1,127.86,288
11,322.046363636364,8
2,146.36,54
14,353.917142857143,7
4,413.94,77
4,143.9075,4
1,436.06,36
1,90.12,217
1,437.23,60
1,217.2,277
20,237.91,12
1,279.77,24
1,473.65,28
5,144.548,11
1,134.55,351
7,188.527142857143,8
2,86.58,50
1,186.01,18
3,252.763333333333,2
5,275.142,103
13,316.151538461538,7
4,162.6075,11
7,364.694285714286,4
2,303.725,31
4,175.5625,177
1,940.67,37
3,86.2933333333333,151
1,127.1,162
2,174.3,68
14,244.997857142857,120
3,227.636666666667,24
5,144.522,23
1,455.3,176
4,228.42,50
4,114.145,252
1,388.58,46
1,199.8,70
6,294.588333333333,15
9,149.26,100
2,157.86,29
3,78.56,35
2,380.87,26
17,396.785882352941,11
15,72.242,8
1,48.48,78
1,216.39,52
5,239.646,36
11,220.24,57
1,104.76,336
4,273.42,28
2,135.015,182
1,112.46,51
15,104.559333333333,9
2,97.575,36
27,383.705185185185,10
5,149.4062,32
1,336.4,10
6,254.066666666667,50
6,193.128333333333,4
16,201.533125,3
1,301.03,141
4,147.0325,116
8,188.07,100
2,337.9,74
10,286.564,4
3,393.466666666667,45
10,314.731,15
1,243.55,17
2,362.38,89
1,223.36,52
1,425.32,134
17,731.372941176471,4
4,471.8,105
6,107.9,179
4,203.25,166
1,612.01,18
4,106.285,157
4,149.975,204
2,408,336
3,215.433333333333,36
1,337.74,91
2,438.72,92
2,461.265,9
2,255.66,233
4,187.125,45
1,30,22
8,119.8625,190
1,306.45,43
12,129.334166666667,25
2,154.9,317
1,138.14,106
2,179.315,50
2,1121.005,168
1,301.32,39
1,76.32,217
5,135.538,40
1,173.05,296
10,263.549,18
4,720.255,88
8,218.0025,73
3,107.896666666667,81
5,664.818,9
1,657.23,49
1,352.7,52
4,195.32,24
3,444.56,9
6,157.726666666667,18
1,193.75,117
11,271.045454545455,8
2,127.05,119
2,119.88,4
1,136.8,252
1,191.04,28
15,428.24,0
2,204.99,266
12,220.371666666667,33
1,309.65,17
3,221.343333333333,172
4,385.535,2
1,211.5,264
4,573.405,140
1,143.1,201
7,143.115714285714,59
4,236.395,35
11,302.701818181818,40
1,133.25,283
5,214.472,9
3,115.583333333333,143
2,165.44,11
4,279.7025,145
1,150.3,234
14,360.282857142857,32
1,598.73,24
1,507.08,11
6,363.535,35
1,203.1,364
3,70.7666666666667,201
1,415.25,15
7,739.851428571429,16
2,31,198
4,277.095,65
2,147.06,212
1,162.3,282
2,669.725,114
12,93.4341666666667,14
19,252.04052631579,18
1,449.12,66
1,154.88,49
4,196.115,16
1,34.8,77
6,178.54,8
2,91.48,134
3,324.68,12
1,149.31,40
9,272.358888888889,2
8,328.61625,39
1,79.2,304
4,113.9175,50
8,289.86,1
4,133.24,61
2,357.21,65
1,205.25,24
3,84.3466666666667,218
2,291.875,65
3,349.556666666667,31
10,324.547,81
1,315.06,64
4,145.4575,115
1,635.68,5
1,270.8,68
1,104.9,245
1,241.62,133
5,204.322,241
3,158.426666666667,183
4,83.39,25
4,648.485,9
1,246.3,10
8,287.96875,29
5,966.84,43
3,316.016666666667,26
1,351.3,358
1,220.85,10
3,534.813333333333,43
4,237.24,9
1,610.01,149
10,266.661,1
4,551.85,113
3,294.713333333333,75
2,349.54,107
4,260.5475,46
1,415.82,51
19,202.555263157895,0
20,272.6085,23
3,261.526666666667,46
3,301.3,50
5,744.954,306
6,66.535,35
7,163.632857142857,78
9,241.257777777778,17
5,360.228,107
2,651.955,207
6,307.121666666667,3
5,420.12,63
4,476.3625,49
1,206.98,319
2,285.48,44
2,442.735,3
1,532.94,172
4,412.34,51
20,82.074,73
2,318.07,99
2,273.85,29
4,186.94,58
1,836.79,254
6,347.483333333333,70
4,238.5225,44
2,58.735,45
1,391.98,64
5,204.148,25
3,115.22,58
6,201.516666666667,64
1,118.95,303
1,130.74,46
10,365.087,17
2,194.635,38
2,119.425,19
2,80.355,186
1,110.8,51
12,247.8875,4
5,142.448,136
31,521.731290322581,4
1,297,18
5,287.77,15
8,122.15125,40
9,333.373333333333,12
4,208.22,8
2,34.42,25
8,221.2225,22
3,298.376666666667,40
1,230.53,101
16,237.361875,5
2,74.82,277
1,354.09,32
2,180.465,14
9,481.185555555556,63
3,146.926666666667,1
2,156.64,369
8,54.78,312
5,99.072,198
2,198.24,2
3,126.45,92
1,181.09,60
2,70.635,79
2,223.435,156
1,524.52,226
2,131.775,253
1,179.17,149
2,111.025,194
6,230.78,1
1,56.25,368
1,351.11,23
3,121.293333333333,16
8,640.7925,9
1,164.68,8
8,190.22375,19
3,322.483333333333,3
1,191.94,173
8,154.0225,0
2,132.31,178
10,149.124,16
1,123.1,247
2,167.115,190
2,319.945,19
4,41.875,154
1,336.03,172
2,181.8,372
1,127.08,372
1,207.15,194
1,426.63,67
11,223.804545454545,4
3,369.153333333333,21
2,208.43,239
1,145.35,64
5,80.916,112
16,381.39125,89
2,15.9,311
1,337.44,133
1,325.1,276
1,181,365
1,1708.24,82
2,477.62,8
2,182.36,16
5,341.052,1
3,223.19,1
4,201.6425,33
10,163.453,15
16,274.363125,24
1,428.89,31
1,104.35,74
2,235.38,19
4,211.41,17
2,209.415,23
4,145.725,2
1,314.1,303
12,349.9875,17
3,33.2566666666667,235
8,428.69375,39
1,371.01,84
2,215.47,165
2,527.365,17
1,1098.78,77
3,799.62,88
8,426.06,24
4,368.755,22
11,256.088181818182,2
3,345.806666666667,123
1,168.12,30
7,207.325714285714,12
1,158.03,19
2,396.055,44
1,41.99,3
10,275.682,8
1,427.07,54
7,149.254285714286,88
6,514.028333333333,36
3,4131.23333333333,2
5,547.074,29
4,153.8475,12
1,101.4,211
4,425.485,47
3,159.593333333333,23
4,248.1775,22
3,135.833333333333,245
16,210.169375,8
3,471.763333333333,35
4,163.2825,35
4,172.635,3
10,148.331,3
1,211.88,47
2,204.45,39
10,345.024,1
3,283.67,16
1,628.28,260
3,239.936666666667,46
1,251.24,12
1,439.66,29
1,236.09,43
7,121.731428571429,91
1,331.24,309
2,274.47,92
27,323.244814814815,5
3,145.9,196
2,379.46,87
3,285.006666666667,269
4,113.5825,7
3,437.85,65
3,1055.46666666667,30
7,163.91,22
4,193.4975,37
4,335.175,119
3,81.23,85
3,370.596666666667,40
1,137.9,173
1,362.06,54
2,755.975,32
1,783.9,145
1,134.8,220
1,664.85,45
10,214.022,4
6,243.31,65
4,288.405,9
1,335.32,260
1,372.09,365
5,304.374,16
2,426.075,22
1,326.24,44
1,584.32,288
2,47.175,291
11,197.593636363636,3
1,79.2,283
3,450.666666666667,16
3,58.8666666666667,81
5,561.38,56
2,658.81,100
1,436.18,299
5,196.302,23
6,186.551666666667,59
2,157.53,154
5,155.872,98
1,17,106
6,173.638333333333,11
1,320.62,264
1,185.05,240
7,286.518571428571,87
3,243.966666666667,50
3,415.32,9
3,614.046666666667,42
6,238.273333333333,7
1,302.36,61
1,336.96,248
1,108.38,65
7,457.737142857143,17
2,408.05,84
2,305.94,218
3,445.826666666667,45
4,48.935,143
1,161.38,183
1,135.75,170
8,208.49625,9
2,296.44,205
1,232.21,189
2,211.68,8
5,258.828,59
2,433.555,57
4,171.105,73
1,307.78,51
2,93.575,316
1,289.35,367
4,1571.9425,29
1,656.25,39
5,376.044,17
6,584.423333333333,51
46,310.992608695652,3
3,201.23,21
1,517.55,262
3,236.46,59
3,211.803333333333,18
4,175.9425,52
1,620.4,88
1,535.34,249
7,345.691428571429,3
1,175.2,246
18,207.887777777778,8
3,244.71,157
1,375,133
1,76.32,296
2,140.26,4
10,190.607,38
1,1829.04,268
5,364.846,49
13,232.663076923077,8
4,161.06,15
1,348.2,281
4,252.3625,64
26,205.883461538462,1
1,37.4,252
3,147.2,225
4,200.6325,17
28,134.664285714286,10
4,455.7425,8
7,268.631428571429,50
1,73.2,59
5,228.042,95
7,200.938571428571,15
3,336.516666666667,126
4,259.3975,94
1,331.95,50
1,197.9,138
1,215.83,60
10,1021.748,100
1,305.54,73
4,1654.4125,72
1,338.71,67
7,165.077142857143,64
2,264.705,16
13,307.072307692308,22
17,402.425882352941,31
4,245.465,44
2,107.74,15
1,215.08,40
25,196.5328,2
1,314.45,236
1,400.681,75
2,540.31,4
5,364.304,3
1,365.27,360
5,117.83,58
1,405.71,23
4,190.345,30
4,134.265,54
1,394.38,25
2,332.13,44
5,452.524,88
2,271.385,81
3,227.063333333333,19
1,159,78
3,354.25,170
1,242.35,80
1,914.93,267
4,64.8475,235
8,381.85875,29
3,288.286666666667,36
1,846.72,318
4,323.825,57
5,219.264,44
3,85.04,203
2,154.16,219
2,505.3,87
2,271.015,189
5,196.646,32
5,84.426,71
6,143.068333333333,40
1,432.2,78
3,124.3,56
5,738.762,8
13,200.605384615385,9
8,449.7825,8
2,204.55,33
2,761.375,211
5,270.472,23
1,114.56,170
1,152.94,61
5,360.014,52
2,194.72,261
3,1221.87333333333,31
10,260.93,16
2,366.315,257
1,46.95,176
5,1040.702,45
1,1035.45,50
4,186.7075,17
11,493.013636363636,9
7,123.127142857143,73
2,333.825,71
1,1141.24,353
6,237.215,2
1,411.7,116
1,357.95,373
1,559.87,196
1,810.6,176
3,179.276666666667,23
4,374.17,21
1,2062.06,72
1,168.3,339
7,218.787142857143,5
2,411.985,31
1,142.5,169
2,140.45,117
12,186.395,8
4,332.1375,9
4,68.85,212
3,199.4,22
2,106.41,107
4,1326.4575,25
1,361.22,138
9,66.9188888888889,213
4,640,37
3,228.89,91
2,308.13,17
2,137.075,3
1,226.37,330
12,229.63,64
3,447.216666666667,119
1,328.15,35
1,404.4,217
2,519.23,172
7,32.9571428571429,72
2,163.375,1
1,207.5,196
3,142.893333333333,128
5,102.108,44
15,205.730666666667,5
6,640.703333333333,14
4,60.5525,17
8,197.9,28
1,151.05,36
1,214.8,157
1,109.95,284
1,549.07,107
6,326.563333333333,24
4,80.6025,75
2,185.24,16
1,101.1,158
1,575.41,44
2,443.825,11
7,209.921428571429,32
1,53.5,290
5,220.094,21
1,153.9,332
2,247.22,17
23,290.248260869565,3
2,197.9,63
4,52.58,197
3,219.626666666667,33
5,404.99,1
12,121.6975,7
8,426.46125,4
4,224.165,9
9,72.4522222222222,32
1,109.36,53
2,353.52,11
9,171.157777777778,17
1,327.3,18
2,402.245,37
2,248.715,2
3,517.886666666667,18
4,330.14,82
2,183.965,33
2,236.515,66
3,325.84,8
1,676.2,267
3,120.983333333333,247
5,426.38,4
1,1780.59,61
2,334.18,74
2,292.25,89
3,185.296666666667,60
2,158.6,28
1,94.36,322
5,272.454,53
1,221.19,269
20,147.0525,2
9,156.895555555556,50
5,297.38,60
4,407.7875,144
2,204.285,19
1,303.93,94
20,203.062,1
2,149.8,264
2,80.525,302
1,443.05,70
2,83.625,302
1,163.07,18
10,212.693,12
5,405.776,36
2,107.325,19
1,151.83,53
1,262.2,56
2,63.125,21
1,210.35,44
4,256.7475,26
3,225.09,44
7,137.068571428571,112
1,346.12,24
2,41.28,191
1,302.7,302
10,190.825,2
2,120.53,263
1,284.55,106
1,300.85,57
3,214.27,213
1,287.4,64
1,184.26,28
7,217.464285714286,29
5,159.67,5
5,728.134,7
2,190.6,67
3,205.596666666667,1
5,127.754,46
1,230.51,33
3,0.966666666666669,0
1,259.01,135
1,188.89,198
3,224.896666666667,190
1,311.92,149
1,266.97,87
7,263.025714285714,63
5,431.674,99
1,208.36,218
18,193.485555555556,2
3,271.573333333333,28
1,151.42,177
4,25.5,64
7,197.671428571429,21
3,438.226666666667,19
7,229.065714285714,33
1,74.9,74
4,162.6075,23
5,151.488,51
1,223.95,274
4,78.715,164
11,164.679090909091,7
4,136.075,88
7,356.351428571429,63
3,110.333333333333,25
2,150.415,10
1,769.29,75
1,220.62,15
1,139.35,192
3,126.466666666667,173
1,363.65,77
4,123.05,33
1,731.5,46
6,221.61,72
1,826.53,296
3,228.136666666667,3
4,390.555,8
6,494.281666666667,49
3,28.7066666666667,161
5,63.82,360
6,66.81,4
5,284.286,106
1,484.38,25
1,777.6,31
2,45.15,19
1,363.7,296
1,248.1,372
3,316.753333333333,21
4,218.6475,4
5,325.426,52
1,101.7,30
1,162.7,277
3,160.306666666667,61
2,107.54,25
4,259.155,186
28,331.988214285714,1
29,410.192068965517,2
1,290.36,171
1,228.06,81
1,244.41,3
1,455.25,190
7,177.798571428571,22
3,2249.6,17
5,205.388,19
1,593.75,5
2,269.51,107
4,347.2025,2
1,119.62,53
1,339.3,164
10,415.464,10
9,251.805555555556,108
3,307.373333333333,95
2,189.865,242
14,404.612142857143,163
7,91.65,3
2,142.945,35
7,473.398571428571,66
2,140.925,24
24,344.043333333333,0
3,272.17,21
2,255.56,5
1,1077.74,53
1,173.7,364
6,102.335,15
2,432.8,194
1,124.2,3
15,241.53,8
5,257.044,3
4,249.925,127
4,162.1025,73
1,451.44,71
2,35.22,155
1,313.62,113
1,233.45,373
3,302.676666666667,80
1,463.95,248
1,225.15,232
3,153.08,71
1,213.5,68
19,214.383157894737,4
3,110.01,50
1,181.09,75
1,360.16,61
2,125.075,15
1,90.04,4
2,70.35,277
6,135.586666666667,4
1,244.8,40
2,247.365,31
2,241.235,74
16,189.916875,17
9,605.662222222222,15
1,75.66,219
2,60.495,186
4,296.915,32
1,618.59,70
1,506.19,182
2,250.21,15
1,151.85,235
6,438.44,31
2,102.205,253
2,89.48,3
4,203.37,51
1,129.45,245
2,405.285,80
1,333.08,274
20,218.9825,0
1,322.8,79
6,363.84,29
2,208.865,73
7,411.164285714286,17
2,108.95,222
5,224.918,32
11,152.406363636364,22
4,292.345,25
1,231.1,105
3,226.61,4
1,487.51,245
2,416.89,177
2,107.03,169
2,135.43,38
1,518.42,71
11,604.932727272727,53
3,388.973333333333,16
5,118.994,141
6,632.42,17
21,408.011428571429,22
4,233.405,9
1,123.24,368
1,39.12,189
5,162.09,16
1,135.4,362
1,118.98,19
2,285.065,68
6,51.12,15
4,342.7175,23
17,236.615294117647,16
3,564.09,28
23,351.895217391304,2
2,159.805,54
5,311.744,33
17,177.284117647059,2
1,129.75,366
1,183.7,43
6,295.056666666667,72
5,205.6,4
2,162.12,61
9,338.164444444444,47
4,315.215,1
3,101.086666666667,75
3,69.5433333333333,43
2,638,256
2,241.005,68
4,164.475,135
1,112.75,241
2,999,226
17,296.470588235294,8
18,286.126111111111,8
29,480.901034482759,0
3,177.116666666667,37
1,656.63,45
5,605.974,84
10,248.304,19
5,330.206,3
11,331.402727272727,9
21,325.725238095238,18
4,227.8825,218
1,301.72,78
3,106.6,266
9,364.262222222222,9
1,623.75,369
8,221.74,14
1,155.24,26
1,292.47,262
16,294.450625,17
2,294.575,91
8,96.88375,302
5,276.404,26
1,272.82,364
4,263.6675,46
26,272.164615384615,36
4,175.6975,52
1,603.75,31
3,216.836666666667,52
7,324.172857142857,78
1,417.6,53
1,3.75,297
2,156.275,172
8,273.98,29
7,186.394285714286,11
18,398.372222222222,86
19,352.332105263158,4
4,206.74,25
5,303.18,17
5,124.786,44
1,1764.72,30
1,207.5,372
1,223.92,58
1,2002.4,372
5,296.926,114
1,239.4,214
1,106.83,318
1,369.34,65
4,193.21,7
1,316.62,96
3,500.46,19
2,297.45,185
18,153.236111111111,3
1,34,294
2,572.8,273
11,507.327272727273,30
5,91.608,47
1,380.39,260
6,124.15,57
5,449.362,33
1,171.59,57
5,130.984,67
11,154.150909090909,10
1,388.28,60
2,113.175,80
2,122.97,74
28,373.358928571429,2
2,212.595,100
2,147.325,365
19,118.013157894737,10
1,107.6,19
2,298.74,123
1,80.8,8
8,190.015,3
8,213.285,29
2,55.19,282
1,243.84,57
12,100.125833333333,1
1,414.88,365
1,305.62,89
1,1201.49,11
5,173.566,163
1,332.3,65
3,178.996666666667,23
2,230.295,173
4,200.3725,103
3,373.863333333333,142
2,144.21,99
6,152.123333333333,23
2,137.82,192
2,273.535,4
1,479.35,360
10,169.298,8
22,295.481818181818,14
4,104.265,103
13,111.303846153846,2
13,255.228461538462,10
1,497.61,95
1,358.38,227
2,230.32,15
2,387.59,38
1,341.7,51
2,64.25,93
1,197.22,156
1,325.91,38
3,66.3833333333333,184
4,276.6325,1
1,413.46,227
2,90.425,128
2,125.935,39
12,263.9775,31
3,194.3,197
39,393.789230769231,8
7,253.517142857143,36
4,315.11,64
17,599.048235294118,42
1,214.32,50
1,193.44,43
1,281.42,52
1,124.57,186
1,332.41,333
3,114.15,4
2,72.455,10
2,164.2,23
1,35.4,14
2,172.945,366
5,94.628,106
3,50.55,59
4,120.3375,29
3,69.2466666666667,140
5,161.124,22
7,394.498571428571,22
3,226.673333333333,77
10,706.631,4
9,224.83,64
6,142.286666666667,12
7,217.011428571429,30
1,432,66
3,235.04,66
2,138.365,187
2,214.92,37
3,157.17,15
1,194.88,35
3,526.223333333333,194
5,161.94,1
7,70.9771428571429,1
1,145.93,366
1,219.14,64
3,71.01,299
4,111.115,26
6,213.593333333333,7
5,37.538,11
1,1706.88,116
1,373.24,29
16,234.641875,4
8,385.685,5
4,144.9425,81
5,196.33,29
2,182.07,64
8,188.7575,4
14,180.619285714286,23
1,113.44,290
1,208.46,36
6,103.613333333333,9
2,288.13,23
1,391.52,276
7,149.048571428571,49
11,236.040909090909,156
1,169.79,61
26,256.416538461538,12
4,184.875,21
1,230.25,371
3,181.016666666667,115
19,146.394736842105,80
7,185.055714285714,3
3,126.85,26
21,219.248571428571,5
1,161.94,53
5,106.016,1
2,475.465,54
1,262.68,25
5,380.626,8
3,1016.62666666667,52
10,189.411,12
3,272.243333333333,211
19,228.710526315789,21
1,406.48,235
3,145.006666666667,138
7,165.895714285714,3
3,392.853333333333,56
4,315.6875,123
2,83.805,109
1,20.8,30
9,231.675555555556,0
5,98.734,184
2,146.17,9
2,208.32,239
1,117.35,87
3,169.016666666667,38
1,234.17,116
1,110.55,187
1,201.19,226
10,214.847,8
1,319.02,189
2,219.715,4
3,216.803333333333,39
2,116.105,2
1,251.52,267
1,344.33,77
8,226.13125,3
2,539.48,255
1,384.06,60
8,240.025,12
5,878.484,78
11,496.510909090909,17
2,936.6,29
7,232.15,3
1,126.12,5
6,188.875,7
1,179,218
6,266.976666666667,10
9,158.606666666667,30
3,234,288
6,47.8366666666667,149
2,242.41,23
11,362.688181818182,0
4,371.945,73
2,706.47,46
4,195.445,4
7,125.347142857143,50
2,92.73,16
1,270.9,30
4,141.395,8
3,614.186666666667,28
27,317.55962962963,2
2,460.05,40
4,318.1525,11
1,71,31
3,31.95,45
3,119.256666666667,60
2,77.415,185
7,121.227142857143,78
2,358,110
1,146.87,63
2,190.175,11
3,343.38,86
4,183.6425,16
3,129.443333333333,245
2,626.61,78
1,112.4,30
1,449.73,137
4,266.4425,26
5,208.876,2
4,433.795,32
3,299.143333333333,8
3,113.146666666667,113
1,642.02,157
3,366.966666666667,85
6,144.053333333333,115
11,508.616363636364,2
6,538.14,96
1,247.14,194
1,413.75,28
2,248.19,128
6,225.638333333333,28
3,393.296666666667,81
5,619.008,29
1,234.24,266
12,426.344166666667,73
5,106.894,313
11,129.235454545455,8
3,286.45,58
22,205.97,12
13,204.247692307692,28
1,312.14,114
14,170.391428571429,8
4,361.5225,17
5,162.754,17
3,280.36,36
2,189.1,36
1,118.8,78
3,95.1666666666667,22
2,145.08,25
2,1001.925,33
3,468.593333333333,109
2,1474.875,35
6,259.175,123
6,341.68,7
4,497.7525,28
8,255.23125,4
10,380.281,2
4,444.445,50
2,135.1,318
6,181.366666666667,22
7,141.811428571429,9
9,104.213333333333,2
2,485.87,18
4,405.4325,10
1,25.5,261
2,332.89,159
7,1482.91857142857,32
8,108.71,29
1,163.3,165
1,248.61,47
10,74.722,5
5,161.38,8
1,116.2,288
1,157.02,317
3,197.87,3
1,307.46,233
1,138.32,119
1,345.3,161
1,298.89,185
1,259.35,50
7,141.692857142857,152
1,157.09,334
5,492.634,5
7,698.891428571429,15
2,212.5,106
7,162.818571428571,16
1,380.5,275
15,705.704666666667,15
1,465.32,247
1,579,239
2,492.285,1
3,249.926666666667,105
6,279.94,22
1,124.88,51
4,375.875,194
1,213.78,24
1,329.34,75
2,125.85,17
3,102.183333333333,7
3,422.323333333333,32
4,383.6825,21
6,586.338333333333,31
11,155.200909090909,28
2,146.55,21
8,308.3,32
1,158.68,284
3,63.1633333333333,38
4,204.22,50
1,224.91,289
2,156.63,74
9,417.294444444444,5
1,59.9,217
5,286.188,44
1,306.13,201
3,237.263333333333,178
6,130.063333333333,56
2,119.96,57
8,410.86375,7
2,72,46
1,203.95,226
9,252.842222222222,11
2,192.2,106
3,83.2466666666667,58
7,299.304285714286,28
9,186.051111111111,35
2,131.31,273
1,1013.01,29
3,230.74,23
1,342.63,53
6,593.975,35
9,150.323333333333,169
1,384.08,53
1,204.24,53
9,255.518888888889,26
1,226.85,253
11,249.189090909091,40
7,140.588571428571,60
1,113.5,234
10,196.072,4
1,114.23,31
14,228.446428571429,24
2,167.565,7
1,354.15,65
2,213.395,310
1,393.49,308
6,156.553333333333,18
8,238.26125,15
2,159.38,96
11,315.151818181818,264
14,223.415714285714,12
2,210.76,2
1,190.88,35
1,149.89,182
2,275.03,25
6,152.688333333333,12
2,157.345,11
17,220.273529411765,2
2,189.975,312
2,567.52,108
30,287.618333333333,1
1,954.9,53
1,171.45,204
1,282.19,15
1,318.65,120
2,192.26,3
1,283.28,362
2,176.93,116
1,178.26,18
2,136.22,4
2,149.205,40
2,120,107
2,301.685,148
5,250.672,52
1,63.44,208
2,281.45,138
3,103.546666666667,2
2,158.81,127
4,190.91,107
5,428.906,42
1,111.98,35
2,532.675,227
1,246.04,241
1,187.83,57
3,567.803333333333,130
7,234.525714285714,60
1,153.92,21
7,152.015714285714,26
7,202.818571428571,9
4,234.04,31
2,262.62,3
1,550.8,308
9,208.345555555556,8
3,185.65,28
1,131.78,17
2,249.21,101
4,167.2775,11
1,197.63,21
6,186.655,14
1,250.04,361
21,409.558571428571,10
1,82.75,95
2,692.425,78
3,214.766666666667,138
2,1144.065,17
11,228.614545454545,24
43,144.28976744186,0
5,504.804,46
3,400.206666666667,100
2,350.43,8
9,100.998888888889,15
4,247.5575,17
1,96.8,280
2,261.555,14
2,181.95,22
1,175.2,123
1,494.25,85
3,102.2,301
7,277.76,151
10,661.218,17
2,121.68,94
16,743.19875,9
3,260.453333333333,156
1,193.64,355
1,160.57,46
4,134.435,15
16,163.22375,3
1,228.96,86
5,231.904,14
1,110.75,179
5,251.238,8
3,195.716666666667,36
2,870,129
1,1393.06,50
1,178.22,311
2,194.07,24
2,182.925,303
1,127.86,11
3,195.263333333333,17
3,162.733333333333,49
2,156.115,239
12,371.310833333333,0
8,600.195,12
1,168.4,238
9,149.946666666667,23
4,111.545,72
3,141.296666666667,17
8,167.835,40
4,161.73,40
2,247.885,218
4,93.125,190
2,101.6,70
21,186.948571428571,23
1,404.66,11
1,65.4,65
1,199.29,4
2,168.2,19
1,261.11,14
6,447.736666666667,7
2,392.055,19
4,314.89,77
2,254.4,163
2,228.955,306
1,203.87,219
8,916.35,39
2,348.205,22
3,217.793333333333,114
5,425.992,126
13,202.603846153846,4
1,281.62,36
5,193.444,1
5,385.744,330
1,32.65,163
2,385.925,184
5,242.944,16
4,187.235,12
7,179.722857142857,2
2,389,43
1,507.84,79
9,759.815555555556,29
2,231.73,42
14,300.069285714286,11
3,199.61,50
10,185.313,16
4,165.9075,45
2,379.585,19
7,717.465714285714,4
1,100.8,71
33,517.528787878788,0
4,128.03,120
2,132.88,32
1,403.3,313
2,182.88,18
1,303.16,88
9,259.268888888889,2
2,108.15,1
2,189.15,247
5,35.42,147
10,221.026,29
1,534.24,219
3,980.013333333333,147
2,60.45,176
2,270.765,40
8,313.1075,2
10,164.895,1
2,243.36,17
4,129.3825,192
1,131.7,203
1,249.86,365
5,347.54,126
1,316.5,15
2,328.65,43
8,56.57875,78
3,252.486666666667,22
3,220.98,51
6,313.56,16
1,289.96,158
2,381.64,10
2,68.5,10
6,307.176666666667,16
5,225.014,44
3,236.763333333333,191
1,194.37,79
2,253.255,73
5,249.868,3
3,138.013333333333,65
1,396.87,261
2,188.32,58
11,175.170909090909,0
11,321.992727272727,1
1,374.57,248
2,248.78,7
1,271.05,358
1,272.22,75
1,622.88,289
3,379.333333333333,17
2,144.3,220
4,172.275,9
2,279.48,2
10,274.528,206
2,572.92,161
2,147.145,70
2,302.79,261
1,387.31,280
11,554.612727272727,57
1,308.48,24
11,265.458181818182,28
1,513.2,72
1,208.65,128
4,159.755,31
5,153.616,15
1,153.94,308
7,262.724285714286,17
1,546.81,53
4,180.49,24
5,214.142,1
4,163.185,11
1,145,361
1,422.7,359
8,88.3375,1
6,148.143333333333,53
11,321.827272727273,1
10,238.5,1
2,146.725,120
1,223.36,53
1,164.4,280
1,76.5,177
2,448.81,29
1,98.42,25
3,190.133333333333,8
1,170.75,269
3,215.32,43
2,74.43,23
3,89.0533333333333,197
1,306.84,359
6,151.66,42
1,1487.6,129
5,390.49,1
2,241.63,19
1,157.9,205
3,180.486666666667,14
5,170.99,94
1,167.62,19
8,138.4225,14
3,151.336666666667,24
2,450.605,8
10,401.256,7
1,344.14,332
4,374.6275,50
4,56.6875,71
4,90.725,29
1,185.65,242
22,157.171818181818,8
2,62.37,190
4,110.05,4
3,71.9066666666667,252
31,346.326129032258,0
1,175.27,236
3,409.1,7
4,283.2675,109
3,413.4,100
4,601.0425,60
3,493.073333333333,2
8,276.8775,73
6,651.926666666667,3
2,496.59,85
2,194.395,12
7,403.99,23
1,2044.37,213
1,161.67,17
1,116.01,239
8,631.34625,2
2,154.68,217
2,96.71,33
6,183.986666666667,40
19,207.782631578947,3
10,199.276,53
17,265.257058823529,22
1,390.07,57
3,109.866666666667,130
3,190.4,173
3,323.86,5
1,218.52,312
1,81.44,59
4,334.025,21
1,527.05,32
2,421.74,14
4,511.75,18
1,75.75,81
9,198.235555555556,5
2,251.8,169
3,176.11,1
6,207.056666666667,31
9,262.441111111111,36
2,132.965,8
2,273.53,31
1,108.5,276
1,621.66,86
2,356.145,119
1,101.55,373
17,162.881176470588,1
4,248.915,219
1,133.06,65
5,357.91,60
2,430.87,134
1,166.08,21
14,277.619285714286,11
18,263.173888888889,25
5,235.176,29
1,117.55,277
8,321.4675,10
5,334.938,73
3,161.96,10
14,211.053571428571,3
1,196,141
9,198.696666666667,25
2,302.32,18
2,364.08,3
5,411.102,66
2,173.875,1
7,486.674285714286,42
1,205.7,227
6,214.013333333333,15
4,776.655,43
7,231.745714285714,1
2,275.52,74
7,197.61,4
43,377.191162790698,1
1,298.11,263
2,996.055,52
1,184.4,23
7,351.332857142857,10
1,239.41,43
7,455.932857142857,16
7,819.922857142857,7
16,296.778125,30
2,145.2,358
5,146.688,127
3,62.34,136
1,283.12,141
2,382.67,131
14,157.217857142857,38
1,338.95,236
1,154.95,260
6,418.148333333333,16
1,417.95,252
6,286.62,30
3,266.246666666667,35
2,442.595,168
10,178.112,3
22,458.971363636364,4
2,76.2,185
2,133.54,187
1,137.45,169
2,192.55,10
1,522.91,44
1,153,320
1,326.4,200
12,458.815833333333,22
1,139.35,232
18,298.211111111111,37
4,298.985,26
6,396.773333333333,96
6,546.066666666667,127
4,248.9125,57
14,240.795,16
2,521.275,9
5,503.136,3
15,352.588666666667,3
5,175.64,79
1,303.97,372
2,346.095,38
3,233.543333333333,53
19,690.001052631579,2
4,84.3725,9
2,84.12,9
5,372.67,19
8,348.25625,11
2,177.555,113
7,327.297142857143,3
2,49.4,234
2,32.325,100
2,337.26,178
9,199.73,5
1,80.64,359
6,289.986666666667,0
31,180.177096774194,1
8,432.0875,19
3,278.33,17
2,143.795,21
1,712.78,32
1,15,263
2,409.41,50
3,123.96,158
1,271.2,15
3,757.726666666667,8
12,330.0525,12
5,228.654,198
2,122.905,56
2,91.385,10
5,243.092,96
1,56.4,254
3,221.953333333333,24
5,128.434,21
2,94.01,159
2,141.735,72
1,131.94,53
2,139.37,85
4,466.2975,152
2,558.95,73
1,225.9,281
14,140.396428571429,26
1,106.1,29
1,323.04,25
2,175.195,179
4,174.475,40
3,260.143333333333,22
11,275.098181818182,22
9,133.223333333333,37
4,312.96,82
1,512.31,73
1,546.04,11
15,308.508,16
51,150.543333333333,4
4,183.04,12
7,244.942857142857,14
4,9.14,36
3,129.226666666667,4
8,457.63375,71
1,298.4,51
5,399.092,5
9,177.774444444444,8
1,889.24,298
3,132.9,1
1,35.4,33
1,155.37,49
3,116.88,2
1,110.21,47
10,156.053,42
6,385.45,26
1,338.8,42
1,205.48,303
1,51.56,106
1,2033.1,85
9,100.133333333333,81
4,151.45,218
35,151.103714285714,302
2,57.17,11
2,155.63,185
1,208.97,372
6,232.298333333333,1
12,429.638333333333,5
1,148.21,304
1,252.8,368
9,228.8,3
1,330.9,323
6,526.666666666667,59
3,199.166666666667,12
27,376.242222222222,30
2,162.85,142
8,77.84375,30
5,85.636,107
13,145.338461538462,2
1,155.9,204
6,294.06,80
7,94.0371428571429,185
1,237.61,170
1,379.45,43
1,178.52,173
1,458.92,364
1,133.35,304
4,167.9425,3
4,179.3625,3
1,190.19,12
3,299.87,31
1,111.35,129
10,52.578,18
2,101.935,212
2,301.045,322
1,203.86,162
3,81.3666666666667,56
1,112.25,225
8,139.97625,71
1,98,44
1,256.32,23
4,135.275,172
2,76.03,85
1,155.8,159
4,3.75,164
1,110.38,29
2,89.46,21
4,200.06,71
1,72.9,247
1,243.28,373
1,366.23,9
6,49.2683333333333,310
2,205.8,58
1,336.43,3
3,113.76,45
1,1304.04,88
17,247.3,4
4,206.63,64
1,207.5,282
13,222.640769230769,1
1,244.08,372
2,198.645,133
2,106.27,45
5,166.9,11
5,348.096,35
2,204.18,134
3,443.856666666667,29
2,352.125,51
2,72.895,138
1,389.84,5
7,614.46,8
1,99.14,159
14,141.684285714286,49
1,304.56,130
1,77.5,7
2,74.79,233
1,176.68,37
1,358.56,147
4,118.03,72
4,247.71,39
16,143.460625,5
4,139.325,198
1,12.75,249
1,111.68,66
1,508.46,116
1,73.78,171
39,33.2420512820513,21
1,102.83,142
2,235.85,31
14,187.326428571429,37
5,219.686,37
1,123.07,371
1,277.35,373
2,114.1,166
1,582.59,211
1,136.04,241
1,337.04,51
3,246.93,24
14,313.829285714286,15
1,353.19,372
1,288.14,29
1,300.92,365
5,147.562,35
3,270.483333333333,165
1,152.68,145
1,634.95,22
1,20.8,56
1,198.57,185
8,23.89625,11
3,210.28,236
2,46.675,225
6,104.948333333333,121
1,76.1,281
12,125.941666666667,74
2,191.03,37
2,208.615,12
1,169.47,362
2,124.86,3
1,444.68,23
9,235.132222222222,70
2,126.12,235
1,174.8,256
1,102.79,373
2,93.645,155
1,166.42,28
1,120.03,4
5,296.712,32
3,174.333333333333,81
2,61.07,108
1,38.45,51
1,668.11,35
3,78.9266666666667,152
1,115.31,98
3,73.5666666666667,4
1,73.5,334
1,97.97,65
2,211.44,21
3,243.466666666667,35
3,135.206666666667,32
6,11.67,154
2,178.6,19
22,189.142727272727,11
1,165.05,53
3,186.503333333333,24
11,189.604545454545,4
1,189.4,45
2,86.145,203
1,74.4,359
2,148.535,66
11,613.830909090909,7
1,363.65,288
1,170.16,9
4,74.1775,9
10,211.941,21
3,240.173333333333,173
2,407,133
15,158.672,5
1,318,75
1,396.33,40
1,101.7,289
7,288.831428571429,26
2,226.5,257
13,297.264615384615,114
1,489.6,373
14,181.337142857143,23
11,239.364545454545,8
2,168.065,217
4,912.9925,45
2,615.75,18
3,114.483333333333,36
1,703.37,25
2,43.765,16
2,344.975,330
1,101.34,274
4,942.53,98
1,167.67,61
12,755.48,2
5,416.684,93
7,431.042857142857,81
2,290.025,312
3,303.716666666667,11
7,384.692857142857,7
1,168.31,127
2,111.825,11
1,754.64,37
1,113.48,37
1,430.7,329
2,132.325,248
31,255.655483870968,1
2,103.025,19
2,176.345,12
1,76.32,368
1,220.1,290
8,177.25375,67
1,320.72,25
31,180.508709677419,10
1,181.12,367
1,111.15,214
2,336.55,149
6,304.368333333333,8
2,294.72,24
5,228.268,29
1,206.83,60
3,116.243333333333,19
1,112.55,243
4,261.435,8
2,357.75,211
5,136.382,29
4,190.4575,63
1,152.65,295
8,1049.1525,17
4,253.725,151
2,500.08,116
12,240.729166666667,7
4,715.3875,12
2,80.175,140
2,89.67,45
3,204.026666666667,50
3,188.86,32
2,326.675,134
2,199.595,3
4,86.955,75
2,367.47,12
3,150.583333333333,9
1,530.15,301
2,319.03,57
6,268.798333333333,10
2,197.35,31
1,302.46,177
6,225.918333333333,3
9,125.96,176
1,202.65,60
3,326.77,33
7,172.644285714286,58
25,299.6068,14
4,526.71,86
1,104,7
2,224.325,353
7,187.738571428571,31
6,262.235,113
6,298.861666666667,9
6,307.291666666667,4
1,382.8,24
6,100.086666666667,218
1,49.8,15
1,304.25,249
4,499.6225,15
3,361.446666666667,77
3,91.5033333333333,192
1,207.8,261
1,957.97,71
3,70.9866666666667,150
2,448,64
2,344.565,95
21,242.050476190476,4
1,163.8,106
3,465.663333333333,199
1,160.42,157
4,494.825,71
2,258.68,36
1,139.1,28
6,436.896666666667,1
5,120.014,25
1,248.42,326
1,232.48,236
1,299.34,89
1,481.75,31
2,310.875,29
4,156.595,206
11,183.615454545455,2
2,148.89,219
6,172.218333333333,22
1,443,92
27,233.897407407407,1
1,158.95,263
17,315.354117647059,3
14,370.864285714286,38
1,93.75,217
3,256.4,50
20,363.845,11
10,271.66,9
6,344.361666666667,192
5,116.494,81
1,440,325
3,598.826666666667,71
6,147.04,29
5,197.42,2
5,312.322,218
1,422.58,46
18,114.338333333333,9
4,558.1225,72
8,313.445,7
2,298.05,23
4,195.755,113
1,95.34,17
2,171.46,301
1,4314.72,87
2,263.335,50
1,103.3,89
12,188.781666666667,39
3,779.533333333333,24
8,324.375,172
2,162.12,43
1,149.48,140
4,302.77,23
2,400.755,72
2,69.45,358
3,79.65,38
7,437.825714285714,2
3,68,2
3,107.786666666667,21
2,48.815,58
1,173.9,73
1,180.6,277
1,80.82,180
3,58.8666666666667,7
16,130.93,3
3,612.426666666667,42
